<?xml version="1.0" standalone="yes"?>
<Config>
  <Infoitem InfoItemId="1" CanPlaySound="True" />
  <Infoitem InfoItemId="2" CanPlaySound="True" />
  <Infoitem InfoItemId="3" CanPlaySound="True" />
  <Infoitem InfoItemId="4" CanPlaySound="True" />
  <Infoitem InfoItemId="5" CanPlaySound="True" />
  <Infoitem InfoItemId="6" CanPlaySound="True" />
  <Infoitem InfoItemId="7" CanPlaySound="True" />
  <Infoitem InfoItemId="8" CanPlaySound="True" />
  <Infoitem InfoItemId="9" CanPlaySound="False" />
  <Infoitem InfoItemId="10" CanPlaySound="True" />
  <Infoitem InfoItemId="11" CanPlaySound="False" />
  <Infoitem InfoItemId="12" CanPlaySound="True" />
  <Infoitem InfoItemId="13" CanPlaySound="False" />
  <Infoitem InfoItemId="14" CanPlaySound="False" />
  <Infoitem InfoItemId="15" CanPlaySound="False" />
  <Infoitem InfoItemId="16" CanPlaySound="False" />
  <Infoitem InfoItemId="17" CanPlaySound="True" />
  <Infoitem InfoItemId="24" CanPlaySound="True" />
  <Infoitem InfoItemId="25" CanPlaySound="True" />
  <Infoitem InfoItemId="26" CanPlaySound="True" />
  <Infoitem InfoItemId="27" CanPlaySound="True" />
  <Infoitem InfoItemId="29" CanPlaySound="True" />
  <Infoitem InfoItemId="30" CanPlaySound="False" />
  <Infoitem InfoItemId="31" CanPlaySound="True" />
  <Infoitem InfoItemId="35" CanPlaySound="True" />
  <Infoitem InfoItemId="39" CanPlaySound="False" />
  <Infoitem InfoItemId="43" CanPlaySound="False" />
  <Infoitem InfoItemId="60" CanPlaySound="False" />
  <Infoitem InfoItemId="61" CanPlaySound="False" />
  <Infoitem InfoItemId="62" CanPlaySound="False" />
  <Infoitem InfoItemId="63" CanPlaySound="False" />
  <Infoitem InfoItemId="64" CanPlaySound="True" />
  <Infoitem InfoItemId="65" CanPlaySound="True" />
  <Infoitem InfoItemId="66" CanPlaySound="False" />
  <Infoitem InfoItemId="67" CanPlaySound="False" />
  <Infoitem InfoItemId="68" CanPlaySound="True" />
  <Infoitem InfoItemId="69" CanPlaySound="True" />
</Config>